timestamp,location,price,last4ccnum,date,loyaltynum
01/06/2014 07:28,Brew've Been Served,11.34,4795,2014-01-06,L8566
01/06/2014 07:35,Brew've Been Served,8.33,6816,2014-01-06,L8148
01/06/2014 07:36,Hallowed Grounds,16.72,9617,2014-01-06,L5553
01/06/2014 07:37,Brew've Been Served,4.24,7384,2014-01-06,L3800
01/06/2014 07:38,Brew've Been Served,4.17,5368,2014-01-06,L2247
01/06/2014 07:43,Brew've Been Served,9.6,4948,2014-01-06,L9406
01/06/2014 07:43,Brew've Been Served,16.9,9683,2014-01-06,L7291
01/06/2014 07:47,Hallowed Grounds,16.53,8129,2014-01-06,L8328
01/06/2014 07:48,Hallowed Grounds,10.66,3492,2014-01-06,L7814
01/06/2014 07:49,Coffee Cameleon,8.39,5921,2014-01-06,L3295
01/06/2014 07:54,Coffee Cameleon,11.86,2142,2014-01-06,L9637
01/06/2014 07:55,Hallowed Grounds,8.05,9551,2014-01-06,L5777
01/06/2014 07:55,Brew've Been Served,3.67,3484,2014-01-06,L2490
01/06/2014 07:59,Brew've Been Served,8.88,7819,2014-01-06,L5259
01/06/2014 08:00,Brew've Been Served,4.27,5407,2014-01-06,L4034
01/06/2014 08:01,Hallowed Grounds,10.07,1874,2014-01-06,L4424
01/06/2014 08:06,Brew've Been Served,18.24,3853,2014-01-06,L1485
01/06/2014 08:06,Brew've Been Served,15.58,4434,2014-01-06,L2169
01/06/2014 08:07,Brew've Been Served,5.66,6901,2014-01-06,L9363
01/06/2014 08:16,Brew've Been Served,14.97,1286,2014-01-06,L3572
01/06/2014 08:16,Brew've Been Served,11.2,8411,2014-01-06,L6110
01/06/2014 08:17,Brew've Been Served,15.39,8202,2014-01-06,L2343
01/06/2014 08:23,Abila Airport,4540.08,9220,2014-01-06,L4063
01/06/2014 09:06,Kronos Pipe and Irrigation,242.21,9220,2014-01-06,L4063
01/06/2014 10:02,Nationwide Refinery,761.64,9735,2014-01-06,L9633
01/06/2014 10:18,Maximum Iron and Steel,2859.51,9220,2014-01-06,L4063
01/06/2014 11:33,Stewart and Sons Fabrication,2144.62,9735,2014-01-06,L9633
01/06/2014 11:57,Carlyle Chemical Inc.,3959.66,9220,2014-01-06,L4063
01/06/2014 12:00,Bean There Done That,10.28,1415,2014-01-06,L7783
01/06/2014 12:00,Bean There Done That,16.09,9635,2014-01-06,L3191
01/06/2014 12:00,Brewed Awakenings,5.72,7688,2014-01-06,L4164
01/06/2014 12:00,Jack's Magical Beans,11.03,6899,2014-01-06,L6267
01/06/2014 12:00,Brewed Awakenings,16.89,2540,2014-01-06,L5947
01/06/2014 12:00,Bean There Done That,8.54,1877,2014-01-06,L3014
01/06/2014 12:00,Brewed Awakenings,4.35,8332,2014-01-06,L2070
01/06/2014 12:00,Bean There Done That,5.24,1321,2014-01-06,L4149
01/06/2014 12:00,Bean There Done That,4.27,6895,2014-01-06,L3366
01/06/2014 12:00,Jack's Magical Beans,18.59,9241,2014-01-06,L3288
01/06/2014 12:00,Jack's Magical Beans,18.1,2463,2014-01-06,L6886
01/06/2014 13:19,Gelatogalore,12.74,7253,2014-01-06,L1682
01/06/2014 13:20,Hippokampos,34.03,6691,2014-01-06,L6267
01/06/2014 13:22,Ouzeri Elian,38.9,2540,2014-01-06,L5947
01/06/2014 13:23,Hippokampos,13.26,4795,2014-01-06,L8566
01/06/2014 13:24,Guy's Gyros,15.44,1415,2014-01-06,L7783
01/06/2014 13:27,Abila Zacharo,30.08,7688,2014-01-06,L4164
01/06/2014 13:27,Abila Zacharo,50.14,1286,2014-01-06,L3288
01/06/2014 13:28,Katerina's Café,33.54,8411,2014-01-06,L6110
01/06/2014 13:28,Kalami Kafenion,8.64,5407,2014-01-06,L4034
01/06/2014 13:30,Guy's Gyros,16.92,7384,2014-01-06,L3800
01/06/2014 13:35,Hippokampos,36.54,2681,2014-01-06,L1107
01/06/2014 13:37,Ouzeri Elian,20.56,6816,2014-01-06,L8148
01/06/2014 13:39,Guy's Gyros,11.22,1310,2014-01-06,L8012
01/06/2014 13:41,Gelatogalore,22.64,7889,2014-01-06,L6119
01/06/2014 13:42,Ouzeri Elian,20.4,6895,2014-01-06,L3366
01/06/2014 13:46,Guy's Gyros,30.82,9635,2014-01-06,L3191
01/06/2014 13:46,Katerina's Café,18.56,6899,2014-01-06,L6267
01/06/2014 13:48,Ouzeri Elian,20.74,5368,2014-01-06,L2247
01/06/2014 13:48,Ouzeri Elian,30.87,5921,2014-01-06,L3295
01/06/2014 13:50,Katerina's Café,13.59,1874,2014-01-06,L4424
01/06/2014 13:50,Katerina's Café,32.64,9617,2014-01-06,L5553
01/06/2014 13:52,Kalami Kafenion,22.31,4434,2014-01-06,L2169
01/06/2014 13:52,Gelatogalore,36.33,3492,2014-01-06,L7814
01/06/2014 13:54,Abila Zacharo,23.15,9405,2014-01-06,L3259
01/06/2014 13:57,Hippokampos,8.64,1877,2014-01-06,L3014
01/06/2014 13:58,Hippokampos,38.25,8202,2014-01-06,L2343
01/06/2014 13:59,Katerina's Café,39.41,3853,2014-01-06,L1485
01/06/2014 14:00,Kalami Kafenion,13.08,7117,2014-01-06,L6417
01/06/2014 14:00,Gelatogalore,23.41,7819,2014-01-06,L5259
01/06/2014 14:04,Hippokampos,30.88,4948,2014-01-06,L9406
01/06/2014 14:15,Kalami Kafenion,27.4,8129,2014-01-06,L8328
01/06/2014 14:17,Katerina's Café,19.65,6901,2014-01-06,L9363
01/06/2014 15:14,Abila Airport,777.06,9220,2014-01-06,L4063
01/06/2014 15:39,Abila Airport,612.47,8642,2014-01-06,L2769
01/06/2014 17:28,U-Pump,59.51,3484,2014-01-06,L2490
01/06/2014 19:08,Katerina's Café,26.46,8129,2014-01-06,L8328
01/06/2014 19:18,Guy's Gyros,39.29,7384,2014-01-06,L3800
01/06/2014 20:07,Katerina's Café,23.63,7253,2014-01-06,L1682
01/06/2014 20:08,Katerina's Café,12.32,1874,2014-01-06,L4424
01/06/2014 20:09,Guy's Gyros,11.94,6901,2014-01-06,L9363
01/06/2014 20:12,Frydos Autosupply n' More,80.85,8202,2014-01-06,L2343
01/06/2014 20:13,Guy's Gyros,22.57,3484,2014-01-06,L2490
01/06/2014 20:15,Frydos Autosupply n' More,175.87,5368,2014-01-06,L2247
01/06/2014 20:20,Hippokampos,35.34,1321,2014-01-06,L4149
01/06/2014 20:24,Guy's Gyros,28.94,7819,2014-01-06,L5259
01/06/2014 20:26,Albert's Fine Clothing,276.9,9551,2014-01-06,L5777
01/06/2014 20:29,Katerina's Café,17.92,9405,2014-01-06,L3259
01/06/2014 20:30,Katerina's Café,28.0,6691,2014-01-06,L6267
01/06/2014 20:33,Katerina's Café,15.52,5921,2014-01-06,L3295
01/06/2014 20:36,Hippokampos,26.8,1877,2014-01-06,L3014
01/06/2014 20:46,Hippokampos,24.41,7117,2014-01-06,L6417
01/06/2014 20:46,Hippokampos,21.33,1415,2014-01-06,L7783
01/06/2014 20:49,Shoppers' Delight,293.67,7354,2014-01-06,L9254
01/06/2014 20:52,Hippokampos,17.27,7688,2014-01-06,L4164
01/06/2014 20:59,Katerina's Café,26.1,3492,2014-01-06,L7814
01/06/2014 21:03,Albert's Fine Clothing,121.76,4434,2014-01-06,L2169
01/06/2014 21:12,Katerina's Café,26.51,4948,2014-01-06,L9406
01/06/2014 21:23,Frydos Autosupply n' More,197.32,2142,2014-01-06,L9637
01/06/2014 21:52,Hippokampos,20.61,8332,2014-01-06,L2070
01/07/2014 07:27,Brew've Been Served,5.08,7384,2014-01-07,L3800
01/07/2014 07:31,Brew've Been Served,12.74,5368,2014-01-07,L2247
01/07/2014 07:35,Hallowed Grounds,14.05,7889,2014-01-07,L6119
01/07/2014 07:37,Hallowed Grounds,8.91,8129,2014-01-07,L8328
01/07/2014 07:46,Coffee Cameleon,9.1,5921,2014-01-07,L3295
01/07/2014 07:47,Hallowed Grounds,7.88,1310,2014-01-07,L8012
01/07/2014 07:48,Hallowed Grounds,18.97,7108,2014-01-07,L6544
01/07/2014 07:50,Brew've Been Served,4.39,5407,2014-01-07,L4034
01/07/2014 07:50,Hallowed Grounds,9.61,3492,2014-01-07,L7814
01/07/2014 07:52,Brew've Been Served,3.0,4434,2014-01-07,L2169
01/07/2014 07:54,Brew've Been Served,11.92,1286,2014-01-07,L3572
01/07/2014 07:57,Hallowed Grounds,10.33,6691,2014-01-07,L6267
01/07/2014 07:58,Brew've Been Served,17.4,8202,2014-01-07,L2343
01/07/2014 08:00,Brew've Been Served,11.91,4948,2014-01-07,L9406
01/07/2014 08:00,Coffee Cameleon,11.55,2142,2014-01-07,L9637
01/07/2014 08:01,Hallowed Grounds,9.92,9617,2014-01-07,L5553
01/07/2014 08:02,Brew've Been Served,14.49,9405,2014-01-07,L3259
01/07/2014 08:09,Brew've Been Served,15.66,8411,2014-01-07,L6110
01/07/2014 09:17,Abila Airport,3840.37,3506,2014-01-07,L7761
01/07/2014 10:05,Stewart and Sons Fabrication,1200.9,3506,2014-01-07,L7761
01/07/2014 10:11,Nationwide Refinery,1347.36,9735,2014-01-07,L9633
01/07/2014 11:39,Nationwide Refinery,1562.66,7792,2014-01-07,L5756
01/07/2014 12:00,Coffee Shack,16.63,7117,2014-01-07,L6417
01/07/2014 12:00,Brewed Awakenings,6.72,8332,2014-01-07,L2070
01/07/2014 12:00,Bean There Done That,8.03,1321,2014-01-07,L4149
01/07/2014 12:00,Jack's Magical Beans,18.77,9241,2014-01-07,L3288
01/07/2014 12:00,Jack's Magical Beans,19.61,8156,2014-01-07,L5224
01/07/2014 12:29,Abila Airport,124.89,8642,2014-01-07,L2769
01/07/2014 13:13,Guy's Gyros,29.57,8156,2014-01-07,L5224
01/07/2014 13:20,Abila Zacharo,13.52,1415,2014-01-07,L7783
01/07/2014 13:20,Gelatogalore,35.06,8332,2014-01-07,L2070
01/07/2014 13:20,Guy's Gyros,38.56,7354,2014-01-07,L9254
01/07/2014 13:24,Kalami Kafenion,45.05,1286,2014-01-07,L3288
01/07/2014 13:24,Kalami Kafenion,11.64,5407,2014-01-07,L4034
01/07/2014 13:29,Ouzeri Elian,29.1,2142,2014-01-07,L9637
01/07/2014 13:32,Ouzeri Elian,28.37,4948,2014-01-07,L9406
01/07/2014 13:33,Gelatogalore,34.04,7253,2014-01-07,L1682
01/07/2014 13:33,Katerina's Café,22.27,7889,2014-01-07,L6119
01/07/2014 13:33,Guy's Gyros,11.31,6816,2014-01-07,L8148
01/07/2014 13:33,Kalami Kafenion,18.06,4795,2014-01-07,L8566
01/07/2014 13:35,Gelatogalore,8.98,2463,2014-01-07,L6886
01/07/2014 13:37,Gelatogalore,21.52,9551,2014-01-07,L5777
01/07/2014 13:39,Gelatogalore,17.21,9405,2014-01-07,L3259
01/07/2014 13:41,Abila Zacharo,17.81,9683,2014-01-07,L7291
01/07/2014 13:44,Abila Zacharo,32.4,2418,2014-01-07,L9018
01/07/2014 13:45,Kalami Kafenion,22.83,1877,2014-01-07,L3014
01/07/2014 13:46,Guy's Gyros,10.11,9635,2014-01-07,L3191
01/07/2014 13:46,Kalami Kafenion,22.14,7108,2014-01-07,L6544
01/07/2014 13:49,Gelatogalore,36.5,2681,2014-01-07,L1107
01/07/2014 13:50,Ouzeri Elian,21.85,8411,2014-01-07,L6110
01/07/2014 13:57,Katerina's Café,37.44,8202,2014-01-07,L2343
01/07/2014 13:57,Gelatogalore,15.4,6691,2014-01-07,L6267
01/07/2014 14:07,Katerina's Café,10.9,4434,2014-01-07,L2169
01/07/2014 14:09,Guy's Gyros,12.57,9617,2014-01-07,L5553
01/07/2014 14:11,Hippokampos,37.57,8129,2014-01-07,L8328
01/07/2014 14:16,Abila Scrapyard,2149.28,2276,2014-01-07,L3317
01/07/2014 14:19,Kronos Pipe and Irrigation,3920.82,4530,2014-01-07,L8477
01/07/2014 15:20,Maximum Iron and Steel,3207.31,4530,2014-01-07,L8477
01/07/2014 15:41,Abila Airport,3411.29,8642,2014-01-07,L2769
01/07/2014 16:24,Nationwide Refinery,889.58,2276,2014-01-07,L3317
01/07/2014 19:45,Guy's Gyros,14.87,7819,2014-01-07,L5259
01/07/2014 19:48,Guy's Gyros,31.23,3484,2014-01-07,L2490
01/07/2014 20:01,Hippokampos,20.17,1877,2014-01-07,L3014
01/07/2014 20:02,Hippokampos,11.56,1415,2014-01-07,L7783
01/07/2014 20:09,Katerina's Café,19.49,7253,2014-01-07,L1682
01/07/2014 20:10,Albert's Fine Clothing,78.91,7117,2014-01-07,L6417
01/07/2014 20:11,Katerina's Café,10.07,2142,2014-01-07,L9637
01/07/2014 20:15,Ouzeri Elian,11.41,9241,2014-01-07,L3288
01/07/2014 20:18,Katerina's Café,31.6,8411,2014-01-07,L6110
01/07/2014 20:32,Katerina's Café,19.53,5921,2014-01-07,L3295
01/07/2014 20:33,Katerina's Café,17.26,9617,2014-01-07,L5553
01/07/2014 20:33,Katerina's Café,25.54,6691,2014-01-07,L6267
01/07/2014 20:34,Guy's Gyros,23.12,5368,2014-01-07,L2247
01/07/2014 20:47,Katerina's Café,32.83,3492,2014-01-07,L7814
01/07/2014 20:49,Ouzeri Elian,20.53,2681,2014-01-07,L1107
01/07/2014 21:01,Katerina's Café,33.29,9405,2014-01-07,L3259
01/07/2014 21:03,Hippokampos,21.2,2540,2014-01-07,L5947
01/07/2014 21:17,Hippokampos,37.88,2463,2014-01-07,L6886
01/07/2014 21:19,Katerina's Café,18.35,1310,2014-01-07,L8012
01/07/2014 21:51,Hippokampos,22.18,8332,2014-01-07,L2070
01/08/2014 07:31,Brew've Been Served,15.66,7354,2014-01-08,L9254
01/08/2014 07:39,Hallowed Grounds,8.15,1874,2014-01-08,L4424
01/08/2014 07:40,Hallowed Grounds,5.85,8129,2014-01-08,L8328
01/08/2014 07:42,Brew've Been Served,3.09,4948,2014-01-08,L9406
01/08/2014 07:43,Hallowed Grounds,3.4,9617,2014-01-08,L5553
01/08/2014 07:47,Hallowed Grounds,3.11,3492,2014-01-08,L7814
01/08/2014 07:48,Brew've Been Served,8.27,6816,2014-01-08,L8148
01/08/2014 07:48,Brew've Been Served,19.17,9683,2014-01-08,L7291
01/08/2014 07:50,Hallowed Grounds,3.9,2681,2014-01-08,L1107
01/08/2014 07:51,Coffee Cameleon,6.59,7253,2014-01-08,L1682
01/08/2014 07:52,Coffee Cameleon,12.26,5921,2014-01-08,L3295
01/08/2014 07:57,Hallowed Grounds,11.63,6691,2014-01-08,L6267
01/08/2014 07:58,Brew've Been Served,8.4,5407,2014-01-08,L4034
01/08/2014 07:59,Coffee Cameleon,15.71,2142,2014-01-08,L9637
01/08/2014 08:01,Brew've Been Served,3.92,8202,2014-01-08,L2343
01/08/2014 08:01,Brew've Been Served,17.13,7819,2014-01-08,L5259
01/08/2014 08:01,Brew've Been Served,3.42,7384,2014-01-08,L3800
01/08/2014 08:03,Brew've Been Served,10.15,6901,2014-01-08,L9363
01/08/2014 08:09,Brew've Been Served,11.48,8411,2014-01-08,L6110
01/08/2014 08:16,Brew've Been Served,7.26,1286,2014-01-08,L3572
01/08/2014 08:18,Brew've Been Served,6.3,4434,2014-01-08,L2169
01/08/2014 08:22,Coffee Cameleon,16.17,2418,2014-01-08,L9018
01/08/2014 09:54,Nationwide Refinery,4513.16,9152,2014-01-08,L5485
01/08/2014 10:14,Nationwide Refinery,3674.32,9735,2014-01-08,L9633
01/08/2014 11:28,Stewart and Sons Fabrication,1738.26,9152,2014-01-08,L5485
01/08/2014 11:58,Stewart and Sons Fabrication,1673.77,9735,2014-01-08,L9633
01/08/2014 12:00,Coffee Shack,13.13,7117,2014-01-08,L6417
01/08/2014 12:00,Bean There Done That,17.45,1415,2014-01-08,L7783
01/08/2014 12:00,Bean There Done That,12.07,9635,2014-01-08,L3191
01/08/2014 12:00,Brewed Awakenings,11.73,7688,2014-01-08,L4164
01/08/2014 12:00,Jack's Magical Beans,3.96,6899,2014-01-08,L6267
01/08/2014 12:00,Brewed Awakenings,12.32,2540,2014-01-08,L5947
01/08/2014 12:00,Jack's Magical Beans,18.78,9241,2014-01-08,L3288
01/08/2014 12:00,Jack's Magical Beans,12.37,8156,2014-01-08,L5224
01/08/2014 12:29,Frank's Fuel,65.34,3853,2014-01-08,L1485
01/08/2014 12:45,Abila Airport,2723.18,8642,2014-01-08,L2769
01/08/2014 12:56,Chostus Hotel,107.51,2540,2014-01-08,L5947
01/08/2014 13:03,Carlyle Chemical Inc.,4983.52,4530,2014-01-08,L8477
01/08/2014 13:10,Abila Zacharo,22.13,5407,2014-01-08,L4034
01/08/2014 13:12,Hippokampos,26.55,8332,2014-01-08,L2070
01/08/2014 13:15,Hippokampos,9.03,4795,2014-01-08,L8566
01/08/2014 13:19,Katerina's Café,29.26,7792,2014-01-08,L5756
01/08/2014 13:19,Chostus Hotel,111.89,9683,2014-01-08,L7291
01/08/2014 13:23,Abila Zacharo,36.85,2463,2014-01-08,L6886
01/08/2014 13:26,Hippokampos,16.59,7253,2014-01-08,L1682
01/08/2014 13:27,Gelatogalore,32.79,8411,2014-01-08,L6110
01/08/2014 13:28,Katerina's Café,8.53,6899,2014-01-08,L6267
01/08/2014 13:28,Gelatogalore,20.72,9405,2014-01-08,L3259
01/08/2014 13:29,Kalami Kafenion,24.08,5921,2014-01-08,L3295
01/08/2014 13:31,Hippokampos,37.89,1321,2014-01-08,L4149
01/08/2014 13:32,Guy's Gyros,30.12,7384,2014-01-08,L3800
01/08/2014 13:34,Abila Zacharo,14.41,1415,2014-01-08,L7783
01/08/2014 13:38,Gelatogalore,50.36,1286,2014-01-08,L3288
01/08/2014 13:41,Katerina's Café,26.45,2142,2014-01-08,L9637
01/08/2014 13:42,Gelatogalore,35.29,7889,2014-01-08,L6119
01/08/2014 13:42,Kalami Kafenion,22.49,8202,2014-01-08,L2343
01/08/2014 13:43,Hippokampos,39.8,9551,2014-01-08,L5777
01/08/2014 13:44,Kalami Kafenion,31.96,7354,2014-01-08,L9254
01/08/2014 13:45,Kalami Kafenion,23.82,3492,2014-01-08,L7814
01/08/2014 13:46,Abila Zacharo,28.25,2681,2014-01-08,L1107
01/08/2014 13:47,Gelatogalore,22.27,2418,2014-01-08,L9018
01/08/2014 13:48,Hippokampos,28.79,9635,2014-01-08,L3191
01/08/2014 13:51,Guy's Gyros,15.86,1874,2014-01-08,L4424
01/08/2014 13:51,Abila Zacharo,30.85,6901,2014-01-08,L9363
01/08/2014 13:52,Kalami Kafenion,14.77,6816,2014-01-08,L8148
01/08/2014 13:53,Abila Zacharo,16.2,9617,2014-01-08,L5553
01/08/2014 13:57,Guy's Gyros,10.34,4434,2014-01-08,L2169
01/08/2014 14:09,Kronos Pipe and Irrigation,3615.61,4530,2014-01-08,L8477
01/08/2014 14:15,Kalami Kafenion,34.98,7117,2014-01-08,L6417
01/08/2014 14:17,Gelatogalore,39.94,4948,2014-01-08,L9406
01/08/2014 14:19,Kalami Kafenion,31.43,8129,2014-01-08,L8328
01/08/2014 14:26,Carlyle Chemical Inc.,4901.88,7792,2014-01-08,L5756
01/08/2014 15:18,Maximum Iron and Steel,3136.01,4530,2014-01-08,L8477
01/08/2014 15:29,Abila Airport,2769.12,8642,2014-01-08,L2769
01/08/2014 19:21,Hippokampos,10.52,1415,2014-01-08,L7783
01/08/2014 19:28,Hippokampos,16.54,2540,2014-01-08,L5947
01/08/2014 19:32,Katerina's Café,34.25,5407,2014-01-08,L4034
01/08/2014 19:36,Guy's Gyros,15.69,7354,2014-01-08,L9254
01/08/2014 19:48,Guy's Gyros,30.48,4434,2014-01-08,L2169
01/08/2014 20:00,Katerina's Café,13.83,8411,2014-01-08,L6110
01/08/2014 20:02,Hippokampos,32.66,6895,2014-01-08,L3366
01/08/2014 20:07,Guy's Gyros,28.81,7384,2014-01-08,L3800
01/08/2014 20:07,Frydos Autosupply n' More,214.07,2418,2014-01-08,L9018
01/08/2014 20:08,Katerina's Café,31.59,1310,2014-01-08,L8012
01/08/2014 20:12,Ouzeri Elian,62.2,1286,2014-01-08,L3288
01/08/2014 20:17,Frydos Autosupply n' More,182.56,3853,2014-01-08,L1485
01/08/2014 20:17,Guy's Gyros,18.24,9683,2014-01-08,L7291
01/08/2014 20:27,Katerina's Café,33.31,2142,2014-01-08,L9637
01/08/2014 20:28,Frydos Autosupply n' More,268.89,6691,2014-01-08,L6267
01/08/2014 20:31,Katerina's Café,36.6,7889,2014-01-08,L6119
01/08/2014 20:35,Katerina's Café,16.93,8202,2014-01-08,L2343
01/08/2014 20:45,Albert's Fine Clothing,136.01,9635,2014-01-08,L3191
01/08/2014 20:49,Hippokampos,15.64,8332,2014-01-08,L2070
01/08/2014 20:53,Hippokampos,26.31,7688,2014-01-08,L4164
01/08/2014 21:00,General Grocer,265.84,7108,2014-01-08,L6544
01/08/2014 21:09,Katerina's Café,27.87,1874,2014-01-08,L4424
01/08/2014 21:17,Ouzeri Elian,29.85,6899,2014-01-08,L6267
01/09/2014 07:37,Hallowed Grounds,17.56,1310,2014-01-09,L8012
01/09/2014 07:37,Coffee Cameleon,19.99,5921,2014-01-09,L3295
01/09/2014 07:48,Brew've Been Served,5.3,7384,2014-01-09,L3800
01/09/2014 07:48,Brew've Been Served,5.13,4795,2014-01-09,L8566
01/09/2014 07:57,Hallowed Grounds,18.48,9617,2014-01-09,L5553
01/09/2014 07:58,Brew've Been Served,19.47,6901,2014-01-09,L9363
01/09/2014 08:00,Brew've Been Served,6.21,4434,2014-01-09,L2169
01/09/2014 08:03,Coffee Cameleon,16.13,2142,2014-01-09,L9637
01/09/2014 08:14,Brew've Been Served,17.64,1286,2014-01-09,L3572
01/09/2014 08:15,Hallowed Grounds,15.33,2681,2014-01-09,L1107
01/09/2014 09:26,Abila Airport,2358.22,3506,2014-01-09,L7761
01/09/2014 09:54,Carlyle Chemical Inc.,529.47,7792,2014-01-09,L5756
01/09/2014 10:16,Nationwide Refinery,674.28,9735,2014-01-09,L9633
01/09/2014 10:38,Stewart and Sons Fabrication,1015.65,3506,2014-01-09,L7761
01/09/2014 11:21,Carlyle Chemical Inc.,732.82,4530,2014-01-09,L8477
01/09/2014 11:34,Nationwide Refinery,289.3,7792,2014-01-09,L5756
01/09/2014 11:37,Stewart and Sons Fabrication,3544.0,9735,2014-01-09,L9633
01/09/2014 12:00,Coffee Shack,5.01,7117,2014-01-09,L6417
01/09/2014 12:00,Bean There Done That,13.0,1415,2014-01-09,L7783
01/09/2014 12:00,Jack's Magical Beans,10.11,6899,2014-01-09,L6267
01/09/2014 12:00,Jack's Magical Beans,6.0,3853,2014-01-09,L1485
01/09/2014 12:00,Brewed Awakenings,13.16,2540,2014-01-09,L5947
01/09/2014 12:00,Bean There Done That,4.06,1877,2014-01-09,L3014
01/09/2014 12:00,Brewed Awakenings,17.66,8332,2014-01-09,L2070
01/09/2014 13:03,Katerina's Café,17.02,7253,2014-01-09,L1682
01/09/2014 13:12,Gelatogalore,19.2,5407,2014-01-09,L4034
01/09/2014 13:18,Abila Airport,4792.5,2276,2014-01-09,L3317
01/09/2014 13:21,Ouzeri Elian,26.09,7688,2014-01-09,L4164
01/09/2014 13:21,Gelatogalore,23.45,4795,2014-01-09,L8566
01/09/2014 13:23,Gelatogalore,8.6,6899,2014-01-09,L6267
01/09/2014 13:23,Ouzeri Elian,22.4,6816,2014-01-09,L8148
01/09/2014 13:23,Katerina's Café,16.98,7792,2014-01-09,L5756
01/09/2014 13:24,Abila Zacharo,8.16,3484,2014-01-09,L2490
01/09/2014 13:27,Katerina's Café,25.85,8156,2014-01-09,L5224
01/09/2014 13:28,Guy's Gyros,13.59,7889,2014-01-09,L6119
01/09/2014 13:29,Hippokampos,27.47,2418,2014-01-09,L9018
01/09/2014 13:32,Abila Zacharo,8.6,2463,2014-01-09,L6886
01/09/2014 13:35,Katerina's Café,10.42,3853,2014-01-09,L1485
01/09/2014 13:35,Gelatogalore,23.23,8411,2014-01-09,L6110
01/09/2014 13:36,Hippokampos,27.93,9683,2014-01-09,L7291
01/09/2014 13:37,Hippokampos,9.12,1321,2014-01-09,L4149
01/09/2014 13:38,Kalami Kafenion,18.14,7384,2014-01-09,L3800
01/09/2014 13:40,Abila Zacharo,20.73,1874,2014-01-09,L4424
01/09/2014 13:40,Gelatogalore,11.94,9405,2014-01-09,L3259
01/09/2014 13:41,Hippokampos,8.43,9635,2014-01-09,L3191
01/09/2014 13:44,Guy's Gyros,15.0,9617,2014-01-09,L5553
01/09/2014 13:45,Gelatogalore,24.68,2681,2014-01-09,L1107
01/09/2014 13:47,Abila Zacharo,48.39,1286,2014-01-09,L3288
01/09/2014 13:51,Hippokampos,13.84,1310,2014-01-09,L8012
01/09/2014 13:56,Kalami Kafenion,19.84,4948,2014-01-09,L9406
01/09/2014 14:03,Kalami Kafenion,35.99,6691,2014-01-09,L6267
01/09/2014 14:04,Kalami Kafenion,10.94,8129,2014-01-09,L8328
01/09/2014 14:04,Ouzeri Elian,32.89,7108,2014-01-09,L6544
01/09/2014 14:06,Katerina's Café,8.01,1877,2014-01-09,L3014
01/09/2014 14:09,Guy's Gyros,27.69,8202,2014-01-09,L2343
01/09/2014 14:12,Abila Scrapyard,1158.36,2276,2014-01-09,L3317
01/09/2014 14:13,Guy's Gyros,17.44,5921,2014-01-09,L3295
01/09/2014 14:15,Abila Zacharo,14.37,7819,2014-01-09,L5259
01/09/2014 14:18,Gelatogalore,36.75,7117,2014-01-09,L6417
01/09/2014 14:26,Carlyle Chemical Inc.,382.43,7792,2014-01-09,L5756
01/09/2014 14:28,Kronos Pipe and Irrigation,423.14,4530,2014-01-09,L8477
01/09/2014 15:00,Stewart and Sons Fabrication,918.6,2276,2014-01-09,L3317
01/09/2014 15:16,Maximum Iron and Steel,1527.14,4530,2014-01-09,L8477
01/09/2014 15:50,Abila Airport,4538.52,8642,2014-01-09,L2769
01/09/2014 16:22,Carlyle Chemical Inc.,2176.2,7792,2014-01-09,L5756
01/09/2014 16:27,Nationwide Refinery,1322.5,2276,2014-01-09,L3317
01/09/2014 19:25,Katerina's Café,35.92,8129,2014-01-09,L8328
01/09/2014 19:30,Katerina's Café,26.6,5921,2014-01-09,L9406
01/09/2014 19:30,Katerina's Café,26.6,5921,2014-01-09,L3295
01/09/2014 19:32,Frydos Autosupply n' More,138.02,3484,2014-01-09,L2490
01/09/2014 19:41,Guy's Gyros,31.81,7354,2014-01-09,L9254
01/09/2014 19:52,Guy's Gyros,29.96,6816,2014-01-09,L8148
01/09/2014 20:05,Hippokampos,15.02,2540,2014-01-09,L5947
01/09/2014 20:06,Katerina's Café,26.6,4948,2014-01-09,L9406
01/09/2014 20:06,Katerina's Café,26.6,4948,2014-01-09,L3295
01/09/2014 20:08,Katerina's Café,19.02,3492,2014-01-09,L7814
01/09/2014 20:19,General Grocer,285.34,4795,2014-01-09,L8566
01/09/2014 20:21,Albert's Fine Clothing,224.52,7117,2014-01-09,L6417
01/09/2014 20:22,Katerina's Café,29.82,8202,2014-01-09,L2343
01/09/2014 20:23,Guy's Gyros,8.23,7889,2014-01-09,L2247
01/09/2014 20:23,Guy's Gyros,8.23,7889,2014-01-09,L6119
01/09/2014 20:24,Guy's Gyros,18.26,1286,2014-01-09,L3572
01/09/2014 20:38,Guy's Gyros,8.23,5368,2014-01-09,L2247
01/09/2014 20:38,Guy's Gyros,8.23,5368,2014-01-09,L6119
01/09/2014 20:39,Guy's Gyros,35.05,7384,2014-01-09,L3800
01/09/2014 20:41,Hippokampos,9.13,2463,2014-01-09,L6886
01/09/2014 20:45,Frydos Autosupply n' More,276.75,3853,2014-01-09,L1485
01/09/2014 21:01,Hippokampos,24.96,6895,2014-01-09,L3366
01/09/2014 21:09,Guy's Gyros,31.31,4434,2014-01-09,L2169
01/09/2014 21:12,Hippokampos,23.66,8156,2014-01-09,L5224
01/09/2014 21:13,Shoppers' Delight,258.43,2681,2014-01-09,L1107
01/09/2014 21:18,Katerina's Café,8.57,1310,2014-01-09,L8012
01/09/2014 21:27,Albert's Fine Clothing,229.98,8332,2014-01-09,L2070
01/09/2014 21:38,Hippokampos,10.12,9635,2014-01-09,L3191
01/10/2014 07:34,Hallowed Grounds,16.75,8129,2014-01-10,L8328
01/10/2014 07:35,Brew've Been Served,15.85,6816,2014-01-10,L8148
01/10/2014 07:40,Coffee Cameleon,8.51,7253,2014-01-10,L1682
01/10/2014 07:41,Hallowed Grounds,12.03,1874,2014-01-10,L4424
01/10/2014 07:41,Hallowed Grounds,8.34,9617,2014-01-10,L5553
01/10/2014 07:41,Hallowed Grounds,11.49,1310,2014-01-10,L8012
01/10/2014 07:45,Brew've Been Served,5.01,3484,2014-01-10,L2490
01/10/2014 07:46,Hallowed Grounds,17.63,2681,2014-01-10,L1107
01/10/2014 07:47,Coffee Cameleon,11.54,5921,2014-01-10,L3295
01/10/2014 07:48,Brew've Been Served,13.32,9405,2014-01-10,L3259
01/10/2014 07:49,Hallowed Grounds,10.34,7889,2014-01-10,L6119
01/10/2014 07:50,Hallowed Grounds,10.76,7108,2014-01-10,L6544
01/10/2014 07:54,Coffee Cameleon,9.69,2418,2014-01-10,L9018
01/10/2014 08:01,Brew've Been Served,5.89,1286,2014-01-10,L3572
01/10/2014 08:01,Brew've Been Served,5.31,6901,2014-01-10,L9363
01/10/2014 08:06,Hallowed Grounds,9.34,6691,2014-01-10,L6267
01/10/2014 08:09,Brew've Been Served,14.45,3853,2014-01-10,L1485
01/10/2014 08:09,Brew've Been Served,3.03,7819,2014-01-10,L5259
01/10/2014 08:17,Brew've Been Served,12.64,4434,2014-01-10,L2169
01/10/2014 08:20,Brew've Been Served,14.36,8411,2014-01-10,L6110
01/10/2014 09:09,Carlyle Chemical Inc.,227.81,9614,2014-01-10,L5924
01/10/2014 10:00,Nationwide Refinery,1552.82,9735,2014-01-10,L9633
01/10/2014 11:49,Stewart and Sons Fabrication,4074.1,9735,2014-01-10,L9633
01/10/2014 12:00,Bean There Done That,15.39,1415,2014-01-10,L7783
01/10/2014 12:00,Bean There Done That,3.92,9635,2014-01-10,L3191
01/10/2014 12:00,Brewed Awakenings,13.82,7688,2014-01-10,L4164
01/10/2014 12:00,Jack's Magical Beans,15.69,6899,2014-01-10,L6267
01/10/2014 12:00,Brewed Awakenings,6.17,2540,2014-01-10,L5947
01/10/2014 12:00,Bean There Done That,13.41,1877,2014-01-10,L3014
01/10/2014 12:00,Brewed Awakenings,13.9,8332,2014-01-10,L2070
01/10/2014 12:00,Bean There Done That,18.67,1321,2014-01-10,L4149
01/10/2014 12:00,Bean There Done That,9.3,6895,2014-01-10,L3366
01/10/2014 12:00,Jack's Magical Beans,16.29,9241,2014-01-10,L3288
01/10/2014 12:00,Jack's Magical Beans,5.46,8156,2014-01-10,L5224
01/10/2014 12:10,Stewart and Sons Fabrication,4195.49,9614,2014-01-10,L5924
01/10/2014 13:12,Guy's Gyros,36.44,8156,2014-01-10,L5224
01/10/2014 13:25,Guy's Gyros,26.76,6816,2014-01-10,L8148
01/10/2014 13:27,Guy's Gyros,15.93,7253,2014-01-10,L1682
01/10/2014 13:30,Katerina's Café,34.76,7688,2014-01-10,L4164
01/10/2014 13:30,Kalami Kafenion,35.69,3484,2014-01-10,L2490
01/10/2014 13:35,Gelatogalore,26.15,1415,2014-01-10,L7783
01/10/2014 13:35,Ouzeri Elian,35.24,3853,2014-01-10,L1485
01/10/2014 13:35,Kalami Kafenion,101.5,9241,2014-01-10,L3288
01/10/2014 13:36,Abila Zacharo,36.73,1310,2014-01-10,L8012
01/10/2014 13:36,Katerina's Café,25.36,7354,2014-01-10,L9254
01/10/2014 13:38,Guy's Gyros,26.68,7384,2014-01-10,L3800
01/10/2014 13:38,Katerina's Café,21.22,2418,2014-01-10,L9018
01/10/2014 13:40,Hippokampos,32.01,2463,2014-01-10,L6886
01/10/2014 13:44,Guy's Gyros,38.15,8411,2014-01-10,L6110
01/10/2014 13:44,Ouzeri Elian,20.46,9405,2014-01-10,L3259
01/10/2014 13:45,Kalami Kafenion,27.48,5407,2014-01-10,L4034
01/10/2014 13:46,Abila Zacharo,31.34,2681,2014-01-10,L1107
01/10/2014 13:47,Guy's Gyros,31.5,9635,2014-01-10,L3191
01/10/2014 13:47,Katerina's Café,25.62,6895,2014-01-10,L3366
01/10/2014 13:47,Katerina's Café,24.33,2142,2014-01-10,L9637
01/10/2014 13:50,Ouzeri Elian,15.25,1877,2014-01-10,L3014
01/10/2014 13:52,Guy's Gyros,31.05,1321,2014-01-10,L4149
01/10/2014 13:53,Kalami Kafenion,24.3,4434,2014-01-10,L2169
01/10/2014 13:57,Guy's Gyros,16.34,8129,2014-01-10,L8328
01/10/2014 13:57,Ouzeri Elian,24.74,5368,2014-01-10,L2247
01/10/2014 13:58,Hippokampos,39.89,6901,2014-01-10,L9363
01/10/2014 13:59,Abila Zacharo,8.22,1874,2014-01-10,L4424
01/10/2014 14:01,Abila Zacharo,16.12,3492,2014-01-10,L7814
01/10/2014 14:03,Abila Zacharo,36.38,7819,2014-01-10,L5259
01/10/2014 14:07,Ouzeri Elian,30.93,9617,2014-01-10,L5553
01/10/2014 14:09,Abila Zacharo,9.32,6691,2014-01-10,L6267
01/10/2014 14:11,Gelatogalore,32.19,8202,2014-01-10,L2343
01/10/2014 14:41,Octavio's Office Supplies,139.72,4795,2014-01-10,L8566
01/10/2014 16:07,Octavio's Office Supplies,64.51,7253,2014-01-10,L1682
01/10/2014 18:52,Ouzeri Elian,19.92,6899,2014-01-10,L6267
01/10/2014 19:45,Guy's Gyros,23.61,6816,2014-01-10,L8148
01/10/2014 19:54,Guy's Gyros,27.78,4795,2014-01-10,L8566
01/10/2014 19:56,Hippokampos,19.88,7117,2014-01-10,L6417
01/10/2014 19:56,Katerina's Café,21.89,5921,2014-01-10,L3295
01/10/2014 20:02,Frydos Autosupply n' More,43.65,8202,2014-01-10,L2343
01/10/2014 20:08,Katerina's Café,15.76,9405,2014-01-10,L3259
01/10/2014 20:09,Katerina's Café,8.14,8411,2014-01-10,L6110
01/10/2014 20:09,Guy's Gyros,29.81,6901,2014-01-10,L9363
01/10/2014 20:11,Albert's Fine Clothing,126.13,6895,2014-01-10,L3366
01/10/2014 20:17,Shoppers' Delight,279.53,7819,2014-01-10,L5259
01/10/2014 20:42,Katerina's Café,21.28,5407,2014-01-10,L4034
01/10/2014 20:50,Hippokampos,17.21,8332,2014-01-10,L2070
01/10/2014 21:13,Guy's Gyros,25.81,5368,2014-01-10,L2247
01/10/2014 21:28,General Grocer,227.28,4434,2014-01-10,L2169
01/11/2014 13:19,Katerina's Café,45.22,8156,2014-01-11,L5224
01/11/2014 13:23,Katerina's Café,45.21,2418,2014-01-11,L9018
01/11/2014 13:32,Katerina's Café,29.1,6895,2014-01-11,L3366
01/11/2014 13:32,Abila Zacharo,54.82,1310,2014-01-11,L8012
01/11/2014 13:33,Abila Zacharo,89.54,2540,2014-01-11,L5947
01/11/2014 13:35,Gelatogalore,17.31,9617,2014-01-11,L5553
01/11/2014 13:43,Katerina's Café,71.65,3484,2014-01-11,L2490
01/11/2014 13:50,Katerina's Café,23.45,1321,2014-01-11,L4149
01/11/2014 14:09,Kalami Kafenion,35.66,7117,2014-01-11,L6417
01/11/2014 14:16,Kalami Kafenion,39.36,7108,2014-01-11,L6544
01/11/2014 14:17,Katerina's Café,26.02,2142,2014-01-11,L9637
01/11/2014 14:19,Abila Zacharo,45.2,6901,2014-01-11,L9363
01/11/2014 15:20,Shoppers' Delight,238.52,2418,2014-01-11,L9018
01/11/2014 15:31,General Grocer,78.02,8129,2014-01-11,L8328
01/11/2014 16:01,Albert's Fine Clothing,211.47,4434,2014-01-11,L2169
01/11/2014 16:09,Frydos Autosupply n' More,52.73,7688,2014-01-11,L4164
01/11/2014 16:24,Ahaggo Museum,89.32,4795,2014-01-11,L8566
01/11/2014 19:08,Katerina's Café,55.67,9617,2014-01-11,L5553
01/11/2014 19:17,Kalami Kafenion,23.86,7819,2014-01-11,L5259
01/11/2014 19:21,Ouzeri Elian,69.36,6899,2014-01-11,L6267
01/11/2014 19:26,Hippokampos,66.21,7688,2014-01-11,L4164
01/11/2014 19:27,Albert's Fine Clothing,105.33,8156,2014-01-11,L5224
01/11/2014 19:27,Hippokampos,32.63,9683,2014-01-11,L7291
01/11/2014 19:29,Hippokampos,63.21,4795,2014-01-11,L2070
01/11/2014 19:29,Hippokampos,63.21,4795,2014-01-11,L8566
01/11/2014 19:31,Katerina's Café,33.18,2142,2014-01-11,L9637
01/11/2014 19:32,Katerina's Café,20.71,6691,2014-01-11,L6267
01/11/2014 19:40,Katerina's Café,57.36,2540,2014-01-11,L5947
01/11/2014 19:45,Hippokampos,63.21,8332,2014-01-11,L2070
01/11/2014 19:45,Hippokampos,63.21,8332,2014-01-11,L8566
01/11/2014 19:50,Katerina's Café,12.55,7889,2014-01-11,L6119
01/11/2014 19:51,Katerina's Café,45.68,1310,2014-01-11,L8012
01/11/2014 19:53,Hippokampos,67.37,9635,2014-01-11,L3191
01/11/2014 19:57,Guy's Gyros,36.2,5368,2014-01-11,L2247
01/11/2014 20:00,Katerina's Café,25.76,4948,2014-01-11,L9406
01/11/2014 20:04,Kalami Kafenion,50.2,1286,2014-01-11,L3288
01/11/2014 20:06,Katerina's Café,52.45,8202,2014-01-11,L2343
01/11/2014 20:06,Guy's Gyros,33.65,7384,2014-01-11,L3800
01/11/2014 20:09,Guy's Gyros,16.33,7354,2014-01-11,L9254
01/11/2014 20:13,Katerina's Café,9.78,9405,2014-01-11,L3259
01/11/2014 20:22,Frydos Autosupply n' More,236.25,8129,2014-01-11,L8328
01/11/2014 20:23,Hippokampos,70.23,1415,2014-01-11,L7783
01/11/2014 20:24,Katerina's Café,94.68,2418,2014-01-11,L9018
01/11/2014 20:26,Frydos Autosupply n' More,261.0,6901,2014-01-11,L9363
01/11/2014 20:27,Hippokampos,69.8,7117,2014-01-11,L6417
01/12/2014 13:03,Ouzeri Elian,38.55,8332,2014-01-12,L2070
01/12/2014 13:17,Ouzeri Elian,98.45,5407,2014-01-12,L4034
01/12/2014 13:25,Hippokampos,12.55,2142,2014-01-12,L9637
01/12/2014 13:28,Ouzeri Elian,24.72,7819,2014-01-12,L5259
01/12/2014 13:30,Ouzeri Elian,72.32,1310,2014-01-12,L8012
01/12/2014 13:31,Guy's Gyros,34.74,6901,2014-01-12,L9363
01/12/2014 13:32,Ouzeri Elian,117.22,8156,2014-01-12,L5224
01/12/2014 13:35,Hippokampos,29.2,7117,2014-01-12,L6417
01/12/2014 13:45,Abila Zacharo,11.2,9683,2014-01-12,L7291
01/12/2014 13:45,Desafio Golf Course,129.33,2463,2014-01-12,L6886
01/12/2014 13:54,Hippokampos,8.54,7889,2014-01-12,L6119
01/12/2014 13:55,Kalami Kafenion,14.59,3492,2014-01-12,L7814
01/12/2014 14:04,Hippokampos,12.57,1874,2014-01-12,L4424
01/12/2014 14:14,Desafio Golf Course,198.46,8332,2014-01-12,L2070
01/12/2014 14:16,Guy's Gyros,30.47,8129,2014-01-12,L8328
01/12/2014 15:10,Shoppers' Delight,135.78,1310,2014-01-12,L8012
01/12/2014 15:24,Shoppers' Delight,86.22,1286,2014-01-12,L3572
01/12/2014 15:32,Shoppers' Delight,204.37,7819,2014-01-12,L5259
01/12/2014 15:46,General Grocer,159.3,7117,2014-01-12,L6417
01/12/2014 15:49,Albert's Fine Clothing,195.81,2142,2014-01-12,L9637
01/12/2014 16:08,Shoppers' Delight,51.5,3547,2014-01-12,L9362
01/12/2014 16:27,Ahaggo Museum,120.2,6901,2014-01-12,L9363
01/12/2014 19:18,Katerina's Café,12.64,7889,2014-01-12,L6119
01/12/2014 19:21,Katerina's Café,11.81,7253,2014-01-12,L1682
01/12/2014 19:22,Hippokampos,27.15,1321,2014-01-12,L4149
01/12/2014 19:26,Guy's Gyros,42.32,7108,2014-01-12,L6544
01/12/2014 19:26,Shoppers' Delight,211.03,7384,2014-01-12,L3800
01/12/2014 19:29,Hippokampos,66.63,1415,2014-01-12,L7783
01/12/2014 19:32,Guy's Gyros,34.41,3853,2014-01-12,L1485
01/12/2014 19:35,Hippokampos,49.23,6895,2014-01-12,L3366
01/12/2014 19:43,Katerina's Café,40.94,5407,2014-01-12,L4034
01/12/2014 19:44,Hippokampos,26.79,8332,2014-01-12,L2070
01/12/2014 19:50,Gelatogalore,36.2,1286,2014-01-12,L3288
01/12/2014 19:51,Hippokampos,52.21,8156,2014-01-12,L5224
01/12/2014 19:52,Frydos Autosupply n' More,88.93,5368,2014-01-12,L2247
01/12/2014 19:58,Albert's Fine Clothing,63.36,1877,2014-01-12,L3014
01/12/2014 19:59,Ouzeri Elian,55.55,6899,2014-01-12,L6267
01/12/2014 20:04,Katerina's Café,39.3,8129,2014-01-12,L8328
01/12/2014 20:05,Hippokampos,78.21,9635,2014-01-12,L3191
01/12/2014 20:11,Katerina's Café,67.14,3547,2014-01-12,L9362
01/12/2014 20:12,Katerina's Café,15.37,9405,2014-01-12,L3259
01/12/2014 20:17,Katerina's Café,16.34,8411,2014-01-12,L6110
01/12/2014 20:35,Katerina's Café,40.25,4948,2014-01-12,L9406
01/12/2014 20:38,Hippokampos,63.32,7688,2014-01-12,L4164
01/12/2014 20:43,Frydos Autosupply n' More,161.96,8202,2014-01-12,L2343
01/13/2014 07:32,Hallowed Grounds,9.16,7889,2014-01-13,L6119
01/13/2014 07:38,Brew've Been Served,8.04,7384,2014-01-13,L3800
01/13/2014 07:40,Coffee Cameleon,19.93,3547,2014-01-13,L9362
01/13/2014 07:40,Brew've Been Served,8.0,9683,2014-01-13,L7291
01/13/2014 07:43,Hallowed Grounds,13.68,3492,2014-01-13,L7814
01/13/2014 07:43,Brew've Been Served,18.71,4795,2014-01-13,L8566
01/13/2014 07:44,Hallowed Grounds,5.85,9405,2014-01-13,L3259
01/13/2014 07:53,Brew've Been Served,19.64,7354,2014-01-13,L9254
01/13/2014 07:54,Hallowed Grounds,19.18,7108,2014-01-13,L6544
01/13/2014 07:55,Coffee Cameleon,17.49,2418,2014-01-13,L9018
01/13/2014 07:56,Brew've Been Served,9.53,4948,2014-01-13,L9406
01/13/2014 07:57,Hallowed Grounds,6.32,6691,2014-01-13,L6267
01/13/2014 08:00,Brew've Been Served,13.37,8411,2014-01-13,L6110
01/13/2014 08:02,Coffee Cameleon,4.88,7253,2014-01-13,L1682
01/13/2014 08:04,Brew've Been Served,16.05,4434,2014-01-13,L2169
01/13/2014 08:07,Brew've Been Served,11.49,1286,2014-01-13,L3572
01/13/2014 08:12,Coffee Cameleon,17.76,2142,2014-01-13,L9637
01/13/2014 08:15,Abila Airport,3617.47,9220,2014-01-13,L4063
01/13/2014 08:22,Brew've Been Served,6.69,7819,2014-01-13,L5259
01/13/2014 08:23,Brew've Been Served,19.89,8202,2014-01-13,L2343
01/13/2014 10:12,Nationwide Refinery,204.58,9735,2014-01-13,L9633
01/13/2014 10:20,Maximum Iron and Steel,689.85,9220,2014-01-13,L4063
01/13/2014 12:00,Coffee Shack,4.09,7117,2014-01-13,L6417
01/13/2014 12:00,Bean There Done That,7.93,1415,2014-01-13,L7783
01/13/2014 12:00,Brewed Awakenings,12.69,7688,2014-01-13,L4164
01/13/2014 12:00,Jack's Magical Beans,18.31,6899,2014-01-13,L6267
01/13/2014 12:00,Bean There Done That,19.56,1877,2014-01-13,L3014
01/13/2014 12:00,Brewed Awakenings,16.25,8332,2014-01-13,L2070
01/13/2014 12:00,Bean There Done That,5.54,1321,2014-01-13,L4149
01/13/2014 12:00,Bean There Done That,10.37,1874,2014-01-13,L4424
01/13/2014 12:00,Bean There Done That,15.24,9617,2014-01-13,L5553
01/13/2014 12:00,Bean There Done That,18.59,6895,2014-01-13,L3366
01/13/2014 12:00,Carlyle Chemical Inc.,1718.96,9220,2014-01-13,L4063
01/13/2014 12:00,Jack's Magical Beans,5.22,9241,2014-01-13,L3288
01/13/2014 12:00,Jack's Magical Beans,9.64,8156,2014-01-13,L5224
01/13/2014 12:00,Jack's Magical Beans,17.52,2463,2014-01-13,L6886
01/13/2014 12:11,Abila Airport,4417.03,8642,2014-01-13,L2769
01/13/2014 12:27,Hippokampos,17.17,4434,2014-01-13,L2169
01/13/2014 12:55,Ouzeri Elian,19.82,9220,2014-01-13,L4063
01/13/2014 13:03,Gelatogalore,32.83,8156,2014-01-13,L5224
01/13/2014 13:21,Abila Zacharo,64.5,1286,2014-01-13,L3288
01/13/2014 13:23,Katerina's Café,38.98,2418,2014-01-13,L9018
01/13/2014 13:24,Hippokampos,35.73,7253,2014-01-13,L1682
01/13/2014 13:27,Abila Zacharo,8.72,9683,2014-01-13,L7291
01/13/2014 13:28,Hippokampos,30.51,9551,2014-01-13,L5777
01/13/2014 13:33,Guy's Gyros,27.49,2540,2014-01-13,L5947
01/13/2014 13:34,Katerina's Café,26.15,6899,2014-01-13,L6267
01/13/2014 13:34,Abila Zacharo,27.3,1321,2014-01-13,L4149
01/13/2014 13:39,Guy's Gyros,37.37,2142,2014-01-13,L9637
01/13/2014 13:40,Katerina's Café,8.29,1874,2014-01-13,L4424
01/13/2014 13:40,Guy's Gyros,29.25,2463,2014-01-13,L6886
01/13/2014 13:41,Gelatogalore,36.93,1415,2014-01-13,L7783
01/13/2014 13:42,Abila Zacharo,11.99,9635,2014-01-13,L3191
01/13/2014 13:48,Ouzeri Elian,8.32,1310,2014-01-13,L8012
01/13/2014 13:48,Katerina's Café,24.26,3492,2014-01-13,L7814
01/13/2014 13:51,Abila Zacharo,17.41,7819,2014-01-13,L5259
01/13/2014 13:51,Guy's Gyros,21.03,8411,2014-01-13,L6110
01/13/2014 13:52,Katerina's Café,29.55,3547,2014-01-13,L9362
01/13/2014 13:55,Kalami Kafenion,20.33,5368,2014-01-13,L2247
01/13/2014 14:00,Guy's Gyros,38.07,7117,2014-01-13,L6417
01/13/2014 14:00,Gelatogalore,36.24,8202,2014-01-13,L2343
01/13/2014 14:04,Hippokampos,25.09,9617,2014-01-13,L5553
01/13/2014 14:06,Ouzeri Elian,29.75,1877,2014-01-13,L3014
01/13/2014 14:13,Guy's Gyros,12.76,6901,2014-01-13,L9363
01/13/2014 14:21,Hippokampos,26.96,4948,2014-01-13,L9406
01/13/2014 16:56,Abila Airport,2228.08,8642,2014-01-13,L2769
01/13/2014 19:27,Shoppers' Delight,216.43,3853,2014-01-13,L1485
01/13/2014 19:30,Ouzeri Elian,28.75,9551,2014-01-13,L5777
01/13/2014 19:41,Frydos Autosupply n' More,188.57,8129,2014-01-13,L8328
01/13/2014 19:59,Frydos Autosupply n' More,64.6,8411,2014-01-13,L6110
01/13/2014 20:09,Guy's Gyros,22.34,7354,2014-01-13,L9254
01/13/2014 20:11,Guy's Gyros,20.47,4795,2014-01-13,L8566
01/13/2014 20:15,Guy's Gyros,36.89,7384,2014-01-13,L3800
01/13/2014 20:18,Guy's Gyros,15.84,7819,2014-01-13,L5259
01/13/2014 20:24,Katerina's Café,35.7,2142,2014-01-13,L9637
01/13/2014 20:35,Albert's Fine Clothing,288.0,7688,2014-01-13,L4164
01/13/2014 20:35,Hippokampos,29.22,2463,2014-01-13,L6886
01/13/2014 20:42,Hippokampos,31.59,1415,2014-01-13,L7783
01/13/2014 20:42,Albert's Fine Clothing,49.48,1321,2014-01-13,L4149
01/13/2014 20:43,Ouzeri Elian,21.83,2681,2014-01-13,L1107
01/13/2014 20:45,Shoppers' Delight,144.4,6901,2014-01-13,L9363
01/13/2014 20:59,Guy's Gyros,37.5,7108,2014-01-13,L6544
01/13/2014 21:00,Katerina's Café,27.59,1874,2014-01-13,L4424
01/13/2014 21:08,Guy's Gyros,19.77,5368,2014-01-13,L2247
01/13/2014 21:11,Frydos Autosupply n' More,202.05,2418,2014-01-13,L9018
01/13/2014 21:12,Hippokampos,31.47,8332,2014-01-13,L2070
01/13/2014 21:13,Hippokampos,32.29,7117,2014-01-13,L6417
01/13/2014 21:16,Katerina's Café,33.11,9405,2014-01-13,L3259
01/14/2014 07:27,Brew've Been Served,14.67,5368,2014-01-14,L2247
01/14/2014 07:31,Brew've Been Served,4.72,4795,2014-01-14,L8566
01/14/2014 07:35,Hallowed Grounds,10.75,7889,2014-01-14,L6119
01/14/2014 07:35,Brew've Been Served,7.31,7354,2014-01-14,L9254
01/14/2014 07:37,Coffee Cameleon,9.8,3547,2014-01-14,L9362
01/14/2014 07:40,Brew've Been Served,5.87,9683,2014-01-14,L7291
01/14/2014 07:42,Hallowed Grounds,4.59,1310,2014-01-14,L8012
01/14/2014 07:44,Hallowed Grounds,16.67,8129,2014-01-14,L8328
01/14/2014 07:45,Brew've Been Served,14.04,4948,2014-01-14,L9406
01/14/2014 07:45,Hallowed Grounds,13.0,7108,2014-01-14,L6544
01/14/2014 07:45,Brew've Been Served,10.96,3484,2014-01-14,L2490
01/14/2014 07:45,Brew've Been Served,16.53,9405,2014-01-14,L3259
01/14/2014 07:48,Brew've Been Served,6.45,3853,2014-01-14,L1485
01/14/2014 07:52,Coffee Cameleon,11.67,2418,2014-01-14,L9018
01/14/2014 07:53,Coffee Cameleon,15.63,7253,2014-01-14,L1682
01/14/2014 07:53,Brew've Been Served,9.53,8202,2014-01-14,L2343
01/14/2014 07:53,Brew've Been Served,8.24,7384,2014-01-14,L3800
01/14/2014 07:53,Brew've Been Served,3.66,6816,2014-01-14,L8148
01/14/2014 07:54,Hallowed Grounds,19.99,1874,2014-01-14,L4424
01/14/2014 07:56,Coffee Cameleon,7.84,2142,2014-01-14,L9637
01/14/2014 07:58,Brew've Been Served,11.94,7819,2014-01-14,L5259
01/14/2014 08:03,Brew've Been Served,3.21,1286,2014-01-14,L3572
01/14/2014 08:07,Brew've Been Served,16.39,5407,2014-01-14,L4034
01/14/2014 08:12,Hallowed Grounds,10.65,2681,2014-01-14,L1107
01/14/2014 08:13,Brew've Been Served,11.53,8411,2014-01-14,L6110
01/14/2014 08:13,Brew've Been Served,12.31,6901,2014-01-14,L9363
01/14/2014 08:16,Hallowed Grounds,6.16,6691,2014-01-14,L6267
01/14/2014 09:34,Carlyle Chemical Inc.,3630.57,7792,2014-01-14,L5756
01/14/2014 10:03,Nationwide Refinery,965.72,9735,2014-01-14,L9633
01/14/2014 11:45,Nationwide Refinery,570.95,7792,2014-01-14,L5756
01/14/2014 11:55,Stewart and Sons Fabrication,278.52,9735,2014-01-14,L9633
01/14/2014 12:00,Coffee Shack,3.63,7117,2014-01-14,L6417
01/14/2014 12:00,Bean There Done That,7.28,1415,2014-01-14,L7783
01/14/2014 12:00,Bean There Done That,19.37,9635,2014-01-14,L3191
01/14/2014 12:00,Brewed Awakenings,17.14,7688,2014-01-14,L4164
01/14/2014 12:00,Brewed Awakenings,8.3,2540,2014-01-14,L5947
01/14/2014 12:00,Brewed Awakenings,11.35,8332,2014-01-14,L2070
01/14/2014 12:00,Bean There Done That,5.9,6895,2014-01-14,L3366
01/14/2014 12:30,Abila Airport,228.41,8642,2014-01-14,L2769
01/14/2014 13:14,Katerina's Café,29.12,8156,2014-01-14,L5224
01/14/2014 13:17,Hippokampos,36.01,7253,2014-01-14,L1682
01/14/2014 13:17,Chostus Hotel,109.54,2540,2014-01-14,L5947
01/14/2014 13:21,Chostus Hotel,113.08,9683,2014-01-14,L7291
01/14/2014 13:22,Katerina's Café,10.03,6895,2014-01-14,L3366
01/14/2014 13:24,Kalami Kafenion,17.38,9635,2014-01-14,L3191
01/14/2014 13:24,Kalami Kafenion,15.15,8332,2014-01-14,L2070
01/14/2014 13:32,Gelatogalore,27.26,7384,2014-01-14,L3800
01/14/2014 13:32,Katerina's Café,20.95,7354,2014-01-14,L9254
01/14/2014 13:33,Gelatogalore,39.17,2463,2014-01-14,L6886
01/14/2014 13:34,Katerina's Café,29.1,4795,2014-01-14,L8566
01/14/2014 13:35,Abila Zacharo,31.09,8411,2014-01-14,L6110
01/14/2014 13:35,Abila Zacharo,15.26,9405,2014-01-14,L3259
01/14/2014 13:37,Hippokampos,19.07,3853,2014-01-14,L1485
01/14/2014 13:37,Abila Zacharo,10.24,1310,2014-01-14,L8012
01/14/2014 13:38,Abila Zacharo,8.41,6816,2014-01-14,L8148
01/14/2014 13:40,Kalami Kafenion,33.13,5407,2014-01-14,L4034
01/14/2014 13:42,Kalami Kafenion,23.1,3492,2014-01-14,L7814
01/14/2014 13:43,Katerina's Café,31.69,6691,2014-01-14,L6267
01/14/2014 13:44,Guy's Gyros,16.35,1874,2014-01-14,L4424
01/14/2014 13:49,Guy's Gyros,38.26,9617,2014-01-14,L5553
01/14/2014 13:50,Kalami Kafenion,27.65,4948,2014-01-14,L9406
01/14/2014 13:51,Kalami Kafenion,15.27,1321,2014-01-14,L4149
01/14/2014 13:53,Ouzeri Elian,33.67,2681,2014-01-14,L1107
01/14/2014 13:57,Gelatogalore,35.97,5368,2014-01-14,L2247
01/14/2014 13:57,Hippokampos,17.18,6901,2014-01-14,L9363
01/14/2014 13:58,Katerina's Café,33.54,7819,2014-01-14,L5259
01/14/2014 13:59,Guy's Gyros,50.4,1286,2014-01-14,L3288
01/14/2014 14:01,Ouzeri Elian,19.7,7117,2014-01-14,L6417
01/14/2014 14:03,Abila Zacharo,24.87,4434,2014-01-14,L2169
01/14/2014 14:13,Abila Scrapyard,4277.4,2276,2014-01-14,L3317
01/14/2014 14:16,Hippokampos,16.73,8202,2014-01-14,L2343
01/14/2014 16:16,Carlyle Chemical Inc.,3470.99,7792,2014-01-14,L5756
01/14/2014 16:28,Nationwide Refinery,4429.76,2276,2014-01-14,L3317
01/14/2014 19:44,Hippokampos,39.64,1415,2014-01-14,L7783
01/14/2014 20:01,Guy's Gyros,23.59,4795,2014-01-14,L8566
01/14/2014 20:05,Albert's Fine Clothing,50.77,3484,2014-01-14,L2490
01/14/2014 20:17,Guy's Gyros,35.12,5368,2014-01-14,L2247
01/14/2014 20:17,Katerina's Café,36.95,3547,2014-01-14,L9362
01/14/2014 20:19,Guy's Gyros,12.96,7384,2014-01-14,L3800
01/14/2014 20:19,Katerina's Café,31.94,5407,2014-01-14,L4034
01/14/2014 20:22,Hippokampos,9.55,2463,2014-01-14,L6886
01/14/2014 20:26,Katerina's Café,12.65,1874,2014-01-14,L4424
01/14/2014 20:29,Guy's Gyros,25.28,7819,2014-01-14,L5259
01/14/2014 20:32,Ouzeri Elian,11.86,6899,2014-01-14,L6267
01/14/2014 20:33,Frydos Autosupply n' More,42.72,4434,2014-01-14,L2169
01/14/2014 20:34,Katerina's Café,11.89,3492,2014-01-14,L7814
01/14/2014 20:43,Frydos Autosupply n' More,146.74,6901,2014-01-14,L9363
01/14/2014 20:50,Albert's Fine Clothing,228.72,9635,2014-01-14,L3191
01/14/2014 20:50,Katerina's Café,25.4,8411,2014-01-14,L6110
01/14/2014 21:10,Katerina's Café,18.35,9617,2014-01-14,L5553
01/14/2014 21:28,Frydos Autosupply n' More,49.21,4948,2014-01-14,L9406
01/14/2014 21:31,Hippokampos,22.13,2540,2014-01-14,L5947
01/14/2014 21:31,Guy's Gyros,26.14,7354,2014-01-14,L9254
01/15/2014 07:34,Brew've Been Served,3.71,7384,2014-01-15,L3800
01/15/2014 07:36,Hallowed Grounds,5.28,9617,2014-01-15,L5553
01/15/2014 07:36,Brew've Been Served,15.5,6816,2014-01-15,L8148
01/15/2014 07:40,Brew've Been Served,19.87,9683,2014-01-15,L7291
01/15/2014 07:44,Hallowed Grounds,12.17,7108,2014-01-15,L6544
01/15/2014 07:45,Coffee Cameleon,19.93,2142,2014-01-15,L9637
01/15/2014 07:45,Brew've Been Served,11.47,9405,2014-01-15,L3259
01/15/2014 07:48,Brew've Been Served,6.58,7819,2014-01-15,L5259
01/15/2014 07:49,Brew've Been Served,11.23,1286,2014-01-15,L3572
01/15/2014 07:51,Coffee Cameleon,14.47,3547,2014-01-15,L9362
01/15/2014 07:56,Coffee Cameleon,5.49,7253,2014-01-15,L1682
01/15/2014 07:57,Brew've Been Served,4.92,4795,2014-01-15,L8566
01/15/2014 07:58,Brew've Been Served,3.14,4948,2014-01-15,L9406
01/15/2014 07:58,Brew've Been Served,5.75,8411,2014-01-15,L6110
01/15/2014 07:58,Brew've Been Served,14.06,3484,2014-01-15,L2490
01/15/2014 07:59,Hallowed Grounds,14.33,3492,2014-01-15,L7814
01/15/2014 08:00,Brew've Been Served,8.42,5368,2014-01-15,L2247
01/15/2014 08:02,Brew've Been Served,15.58,3853,2014-01-15,L1485
01/15/2014 08:06,Brew've Been Served,3.47,8202,2014-01-15,L2343
01/15/2014 08:13,Hallowed Grounds,14.39,2681,2014-01-15,L1107
01/15/2014 08:14,Brew've Been Served,18.58,6901,2014-01-15,L9363
01/15/2014 09:34,Carlyle Chemical Inc.,3608.08,7792,2014-01-15,L5756
01/15/2014 10:14,Nationwide Refinery,1391.24,9735,2014-01-15,L9633
01/15/2014 11:55,Nationwide Refinery,3004.98,7792,2014-01-15,L5756
01/15/2014 12:00,Bean There Done That,5.34,9635,2014-01-15,L3191
01/15/2014 12:00,Brewed Awakenings,3.62,8332,2014-01-15,L2070
01/15/2014 12:00,Bean There Done That,18.96,1321,2014-01-15,L4149
01/15/2014 12:00,Bean There Done That,15.24,6895,2014-01-15,L3366
01/15/2014 12:00,Jack's Magical Beans,5.3,9241,2014-01-15,L3288
01/15/2014 12:00,Jack's Magical Beans,19.54,2463,2014-01-15,L6886
01/15/2014 12:25,Abila Airport,3152.41,8642,2014-01-15,L2769
01/15/2014 13:08,Kalami Kafenion,22.39,8156,2014-01-15,L5224
01/15/2014 13:10,Ouzeri Elian,8.93,7253,2014-01-15,L1682
01/15/2014 13:12,Hippokampos,36.7,8332,2014-01-15,L2070
01/15/2014 13:13,Katerina's Café,24.15,7792,2014-01-15,L5756
01/15/2014 13:22,Guy's Gyros,14.37,1415,2014-01-15,L7783
01/15/2014 13:22,Abila Zacharo,31.0,7889,2014-01-15,L6119
01/15/2014 13:22,Ouzeri Elian,12.9,3484,2014-01-15,L2490
01/15/2014 13:24,Hippokampos,13.0,6899,2014-01-15,L6267
01/15/2014 13:26,Abila Zacharo,23.51,7688,2014-01-15,L4164
01/15/2014 13:27,Katerina's Café,55.6,1286,2014-01-15,L3288
01/15/2014 13:31,Ouzeri Elian,36.47,1321,2014-01-15,L4149
01/15/2014 13:35,Kalami Kafenion,26.17,1874,2014-01-15,L4424
01/15/2014 13:36,Kalami Kafenion,37.15,8411,2014-01-15,L6110
01/15/2014 13:37,Kalami Kafenion,38.5,5407,2014-01-15,L4034
01/15/2014 13:39,Gelatogalore,9.61,2463,2014-01-15,L6886
01/15/2014 13:40,Ouzeri Elian,25.7,5368,2014-01-15,L2247
01/15/2014 13:42,Hippokampos,32.4,1877,2014-01-15,L3014
01/15/2014 13:42,Ouzeri Elian,22.86,7108,2014-01-15,L6544
01/15/2014 13:44,Guy's Gyros,15.89,2142,2014-01-15,L9637
01/15/2014 13:45,Guy's Gyros,12.19,6691,2014-01-15,L6267
01/15/2014 13:46,Gelatogalore,24.96,7117,2014-01-15,L6417
01/15/2014 13:46,Guy's Gyros,16.58,8202,2014-01-15,L2343
01/15/2014 13:51,Ouzeri Elian,26.61,8129,2014-01-15,L8328
01/15/2014 13:55,Gelatogalore,31.21,3853,2014-01-15,L1485
01/15/2014 13:58,Gelatogalore,39.4,7819,2014-01-15,L5259
01/15/2014 13:58,Abila Zacharo,33.8,3547,2014-01-15,L9362
01/15/2014 14:00,Guy's Gyros,25.58,9617,2014-01-15,L5553
01/15/2014 14:00,Katerina's Café,12.12,1310,2014-01-15,L8012
01/15/2014 14:02,Abila Zacharo,24.53,3492,2014-01-15,L7814
01/15/2014 14:12,Kronos Pipe and Irrigation,2564.0,4530,2014-01-15,L8477
01/15/2014 14:13,Kalami Kafenion,28.82,6901,2014-01-15,L9363
01/15/2014 14:25,Carlyle Chemical Inc.,1112.04,7792,2014-01-15,L5756
01/15/2014 15:11,Maximum Iron and Steel,4788.22,4530,2014-01-15,L8477
01/15/2014 15:40,Abila Airport,875.87,8642,2014-01-15,L2769
01/15/2014 17:01,Carlyle Chemical Inc.,1392.73,7792,2014-01-15,L5756
01/15/2014 19:18,Ouzeri Elian,28.86,9241,2014-01-15,L3288
01/15/2014 19:50,Katerina's Café,39.23,3492,2014-01-15,L7814
01/15/2014 19:52,Frydos Autosupply n' More,18.91,2540,2014-01-15,L5947
01/15/2014 19:55,Guy's Gyros,31.04,4434,2014-01-15,L2169
01/15/2014 20:02,Guy's Gyros,28.75,7354,2014-01-15,L9254
01/15/2014 20:04,Frydos Autosupply n' More,235.27,9683,2014-01-15,L7291
01/15/2014 20:05,Katerina's Café,11.45,9617,2014-01-15,L5553
01/15/2014 20:08,Guy's Gyros,36.35,6816,2014-01-15,L8148
01/15/2014 20:10,Hippokampos,35.12,9635,2014-01-15,L3191
01/15/2014 20:17,Katerina's Café,29.33,8411,2014-01-15,L6110
01/15/2014 20:23,Hippokampos,10.35,1321,2014-01-15,L4149
01/15/2014 20:23,Katerina's Café,39.63,1310,2014-01-15,L8012
01/15/2014 20:24,Hippokampos,16.37,1877,2014-01-15,L3014
01/15/2014 20:29,Ouzeri Elian,23.18,6899,2014-01-15,L6267
01/15/2014 20:29,Katerina's Café,29.66,2418,2014-01-15,L9018
01/15/2014 20:46,Albert's Fine Clothing,228.15,7117,2014-01-15,L6417
01/15/2014 20:57,Frydos Autosupply n' More,276.88,4948,2014-01-15,L9406
01/15/2014 21:05,Katerina's Café,13.77,7253,2014-01-15,L1682
01/15/2014 21:05,Guy's Gyros,27.01,1286,2014-01-15,L3572
01/15/2014 21:05,Ouzeri Elian,8.57,2681,2014-01-15,L1107
01/15/2014 21:21,Katerina's Café,27.48,3547,2014-01-15,L9362
01/15/2014 21:42,Hippokampos,37.16,8156,2014-01-15,L5224
01/16/2014 07:34,Brew've Been Served,8.18,7354,2014-01-16,L9254
01/16/2014 07:36,Brew've Been Served,19.9,3484,2014-01-16,L2490
01/16/2014 07:44,Hallowed Grounds,13.84,7889,2014-01-16,L6119
01/16/2014 07:44,Hallowed Grounds,18.2,7108,2014-01-16,L6544
01/16/2014 07:44,Hallowed Grounds,17.74,3492,2014-01-16,L7814
01/16/2014 07:45,Hallowed Grounds,17.92,8129,2014-01-16,L8328
01/16/2014 07:50,Brew've Been Served,7.31,7384,2014-01-16,L3800
01/16/2014 07:52,Brew've Been Served,12.67,1286,2014-01-16,L3572
01/16/2014 07:53,Brew've Been Served,4.7,4795,2014-01-16,L8566
01/16/2014 07:54,Hallowed Grounds,7.22,1874,2014-01-16,L4424
01/16/2014 07:55,Brew've Been Served,12.83,6816,2014-01-16,L8148
01/16/2014 08:02,Brew've Been Served,5.82,3853,2014-01-16,L1485
01/16/2014 08:05,Hallowed Grounds,12.19,9551,2014-01-16,L5777
01/16/2014 08:07,Hallowed Grounds,18.23,6691,2014-01-16,L6267
01/16/2014 08:09,Brew've Been Served,17.44,4434,2014-01-16,L2169
01/16/2014 08:09,Hallowed Grounds,4.6,2681,2014-01-16,L1107
01/16/2014 08:19,Brew've Been Served,16.9,7819,2014-01-16,L5259
01/16/2014 08:23,Brew've Been Served,11.21,8411,2014-01-16,L6110
01/16/2014 09:18,Abila Airport,1676.53,3506,2014-01-16,L7761
01/16/2014 09:52,Carlyle Chemical Inc.,419.93,7792,2014-01-16,L5756
01/16/2014 10:16,Nationwide Refinery,1494.44,9735,2014-01-16,L9633
01/16/2014 11:25,Nationwide Refinery,4742.67,7792,2014-01-16,L5756
01/16/2014 11:45,Stewart and Sons Fabrication,4543.31,9735,2014-01-16,L9633
01/16/2014 12:00,Coffee Shack,10.48,7117,2014-01-16,L6417
01/16/2014 12:00,Bean There Done That,19.82,1415,2014-01-16,L7783
01/16/2014 12:00,Bean There Done That,12.33,9635,2014-01-16,L3191
01/16/2014 12:00,Jack's Magical Beans,9.12,6899,2014-01-16,L6267
01/16/2014 12:00,Brewed Awakenings,6.53,2540,2014-01-16,L5947
01/16/2014 12:00,Bean There Done That,5.56,1877,2014-01-16,L3014
01/16/2014 12:00,Brewed Awakenings,6.39,8332,2014-01-16,L2070
01/16/2014 12:00,Bean There Done That,17.4,6895,2014-01-16,L3366
01/16/2014 12:00,Jack's Magical Beans,14.86,9241,2014-01-16,L3288
01/16/2014 12:00,Jack's Magical Beans,12.56,8156,2014-01-16,L5224
01/16/2014 12:00,Jack's Magical Beans,6.95,2463,2014-01-16,L6886
01/16/2014 12:32,Nationwide Refinery,2047.28,3506,2014-01-16,L7761
01/16/2014 12:40,Abila Airport,3917.3,8642,2014-01-16,L2769
01/16/2014 13:17,Katerina's Café,11.08,9683,2014-01-16,L7291
01/16/2014 13:19,Katerina's Café,27.82,7688,2014-01-16,L4164
01/16/2014 13:19,Hippokampos,17.66,8332,2014-01-16,L2070
01/16/2014 13:22,Abila Zacharo,64.71,1286,2014-01-16,L3288
01/16/2014 13:22,Abila Airport,3138.98,2276,2014-01-16,L3317
01/16/2014 13:23,Guy's Gyros,31.48,7889,2014-01-16,L6119
01/16/2014 13:23,Katerina's Café,34.9,7792,2014-01-16,L5756
01/16/2014 13:26,Hippokampos,36.17,6899,2014-01-16,L6267
01/16/2014 13:27,Katerina's Café,34.02,3484,2014-01-16,L2490
01/16/2014 13:27,Katerina's Café,39.74,5407,2014-01-16,L4034
01/16/2014 13:27,Abila Zacharo,31.31,3547,2014-01-16,L9362
01/16/2014 13:28,Guy's Gyros,10.27,9551,2014-01-16,L5777
01/16/2014 13:30,Hippokampos,16.53,7253,2014-01-16,L1682
01/16/2014 13:30,Hippokampos,10.38,2540,2014-01-16,L5947
01/16/2014 13:33,Gelatogalore,12.33,2463,2014-01-16,L6886
01/16/2014 13:35,Hippokampos,13.05,6691,2014-01-16,L6267
01/16/2014 13:36,Hippokampos,31.14,1415,2014-01-16,L7783
01/16/2014 13:37,Gelatogalore,22.19,9405,2014-01-16,L3259
01/16/2014 13:42,Guy's Gyros,29.7,7819,2014-01-16,L5259
01/16/2014 13:43,Hippokampos,14.89,1321,2014-01-16,L4149
01/16/2014 13:43,Katerina's Café,38.32,5368,2014-01-16,L2247
01/16/2014 13:44,Guy's Gyros,13.48,6816,2014-01-16,L8148
01/16/2014 13:44,Hippokampos,18.18,7354,2014-01-16,L9254
01/16/2014 13:45,Ouzeri Elian,12.47,3853,2014-01-16,L1485
01/16/2014 13:45,Kalami Kafenion,9.27,8202,2014-01-16,L2343
01/16/2014 13:48,Abila Zacharo,24.38,4948,2014-01-16,L9406
01/16/2014 13:48,Gelatogalore,32.4,1874,2014-01-16,L4424
01/16/2014 13:48,Hippokampos,29.93,9617,2014-01-16,L5553
01/16/2014 13:48,Kalami Kafenion,11.83,3492,2014-01-16,L7814
01/16/2014 13:49,Kalami Kafenion,8.86,7384,2014-01-16,L3800
01/16/2014 13:55,Abila Zacharo,8.43,6901,2014-01-16,L9363
01/16/2014 14:00,Ouzeri Elian,8.52,2418,2014-01-16,L9018
01/16/2014 14:01,Ouzeri Elian,8.47,7117,2014-01-16,L6417
01/16/2014 14:05,Guy's Gyros,32.8,1877,2014-01-16,L3014
01/16/2014 15:58,Octavio's Office Supplies,131.01,5368,2014-01-16,L2247
01/16/2014 16:56,Abila Scrapyard,1897.05,2276,2014-01-16,L3317
01/16/2014 17:07,Gelatogalore,10.62,4434,2014-01-16,L2169
01/16/2014 17:17,Carlyle Chemical Inc.,1814.24,7792,2014-01-16,L5756
01/16/2014 19:04,Guy's Gyros,25.57,7384,2014-01-16,L3800
01/16/2014 19:09,Guy's Gyros,8.31,3484,2014-01-16,L2490
01/16/2014 19:39,Katerina's Café,10.93,7889,2014-01-16,L6119
01/16/2014 19:40,Guy's Gyros,37.8,4795,2014-01-16,L8566
01/16/2014 19:45,Frydos Autosupply n' More,53.37,1874,2014-01-16,L4424
01/16/2014 20:08,Albert's Fine Clothing,283.38,7117,2014-01-16,L6417
01/16/2014 20:09,Katerina's Café,18.79,8129,2014-01-16,L8328
01/16/2014 20:09,Guy's Gyros,28.27,6901,2014-01-16,L9363
01/16/2014 20:13,Hippokampos,29.13,1321,2014-01-16,L4149
01/16/2014 20:17,Guy's Gyros,30.76,6816,2014-01-16,L8148
01/16/2014 20:23,Katerina's Café,13.91,9617,2014-01-16,L5553
01/16/2014 20:25,Ouzeri Elian,23.89,6899,2014-01-16,L6267
01/16/2014 20:25,Albert's Fine Clothing,91.71,7819,2014-01-16,L5259
01/16/2014 20:25,Katerina's Café,35.43,2418,2014-01-16,L9018
01/16/2014 20:25,Roberts and Sons,155.76,4434,2014-01-16,L2169
01/16/2014 20:25,Ouzeri Elian,22.65,2681,2014-01-16,L1107
01/16/2014 20:28,Ouzeri Elian,9.91,9551,2014-01-16,L5777
01/16/2014 20:35,Guy's Gyros,11.31,7108,2014-01-16,L6544
01/16/2014 20:36,Katerina's Café,19.44,2142,2014-01-16,L9637
01/16/2014 20:39,Katerina's Café,30.56,8202,2014-01-16,L2343
01/16/2014 20:50,Shoppers' Delight,16.84,1286,2014-01-16,L3572
01/16/2014 20:51,Katerina's Café,34.58,3492,2014-01-16,L7814
01/16/2014 20:52,Roberts and Sons,240.66,7354,2014-01-16,L9254
01/16/2014 20:54,Frydos Autosupply n' More,130.01,4948,2014-01-16,L9406
01/16/2014 21:13,Hippokampos,20.84,7688,2014-01-16,L4164
01/16/2014 21:16,Ouzeri Elian,29.99,9241,2014-01-16,L3288
01/17/2014 07:31,Hallowed Grounds,3.25,1310,2014-01-17,L8012
01/17/2014 07:33,Hallowed Grounds,14.58,7889,2014-01-17,L6119
01/17/2014 07:36,Brew've Been Served,11.69,5368,2014-01-17,L2247
01/17/2014 07:38,Coffee Cameleon,10.27,3547,2014-01-17,L9362
01/17/2014 07:39,Hallowed Grounds,15.98,9617,2014-01-17,L5553
01/17/2014 07:50,Brew've Been Served,8.07,4948,2014-01-17,L9406
01/17/2014 07:51,Coffee Cameleon,6.81,7253,2014-01-17,L1682
01/17/2014 07:52,Hallowed Grounds,18.6,1874,2014-01-17,L4424
01/17/2014 07:52,Coffee Cameleon,9.16,6816,2014-01-17,L8148
01/17/2014 07:56,Hallowed Grounds,9.72,5010,2014-01-17,L2459
01/17/2014 07:57,Brew've Been Served,10.52,7354,2014-01-17,L9254
01/17/2014 07:59,Hallowed Grounds,5.52,6691,2014-01-17,L6267
01/17/2014 07:59,Brew've Been Served,19.39,4795,2014-01-17,L8566
01/17/2014 08:03,Brew've Been Served,13.66,3484,2014-01-17,L2490
01/17/2014 08:04,Hallowed Grounds,9.4,9551,2014-01-17,L5777
01/17/2014 08:04,Brew've Been Served,16.62,9405,2014-01-17,L3259
01/17/2014 08:07,Coffee Cameleon,7.49,2418,2014-01-17,L9018
01/17/2014 08:12,Brew've Been Served,18.15,5407,2014-01-17,L4034
01/17/2014 08:15,Brew've Been Served,3.09,3853,2014-01-17,L1485
01/17/2014 08:17,Brew've Been Served,5.29,6901,2014-01-17,L9363
01/17/2014 08:19,Brew've Been Served,14.58,8411,2014-01-17,L6110
01/17/2014 08:22,Brew've Been Served,15.46,7819,2014-01-17,L5259
01/17/2014 11:32,Stewart and Sons Fabrication,1753.17,9735,2014-01-17,L9633
01/17/2014 12:00,Coffee Shack,19.16,7117,2014-01-17,L6417
01/17/2014 12:00,Bean There Done That,19.67,1415,2014-01-17,L7783
01/17/2014 12:00,Bean There Done That,8.21,9635,2014-01-17,L3191
01/17/2014 12:00,Brewed Awakenings,8.16,7688,2014-01-17,L4164
01/17/2014 12:00,Jack's Magical Beans,7.57,6899,2014-01-17,L6267
01/17/2014 12:00,Bean There Done That,19.56,1877,2014-01-17,L3014
01/17/2014 12:00,Brewed Awakenings,6.0,8332,2014-01-17,L2070
01/17/2014 12:00,Bean There Done That,18.72,1321,2014-01-17,L4149
01/17/2014 12:00,Bean There Done That,5.77,6895,2014-01-17,L3366
01/17/2014 12:00,Jack's Magical Beans,19.11,9241,2014-01-17,L3288
01/17/2014 13:16,Kalami Kafenion,140.78,7253,2014-01-17,L1682
01/17/2014 13:16,Hippokampos,38.21,2418,2014-01-17,L9018
01/17/2014 13:17,Gelatogalore,15.84,8156,2014-01-17,L5224
01/17/2014 13:18,Guy's Gyros,8.64,7688,2014-01-17,L4164
01/17/2014 13:21,Guy's Gyros,22.18,3484,2014-01-17,L2490
01/17/2014 13:27,Hippokampos,14.57,4795,2014-01-17,L8566
01/17/2014 13:28,Abila Zacharo,15.95,5010,2014-01-17,L2459
01/17/2014 13:31,Hippokampos,15.77,6816,2014-01-17,L8148
01/17/2014 13:33,Gelatogalore,23.23,9635,2014-01-17,L3191
01/17/2014 13:38,Guy's Gyros,39.14,3853,2014-01-17,L1485
01/17/2014 13:38,Hippokampos,52.31,1286,2014-01-17,L3288
01/17/2014 13:41,Abila Zacharo,14.51,2142,2014-01-17,L9637
01/17/2014 13:42,Katerina's Café,21.01,3547,2014-01-17,L9362
01/17/2014 13:47,Gelatogalore,18.1,2681,2014-01-17,L1107
01/17/2014 13:48,Katerina's Café,13.11,1321,2014-01-17,L4149
01/17/2014 13:49,Chostus Hotel,114.22,9683,2014-01-17,L7291
01/17/2014 13:51,Kalami Kafenion,20.02,1874,2014-01-17,L4424
01/17/2014 13:51,Gelatogalore,34.59,7819,2014-01-17,L5259
01/17/2014 13:53,Kalami Kafenion,24.21,8411,2014-01-17,L6110
01/17/2014 13:53,Katerina's Café,35.52,4434,2014-01-17,L2169
01/17/2014 13:57,Gelatogalore,21.62,3492,2014-01-17,L7814
01/17/2014 13:58,Kalami Kafenion,27.73,7108,2014-01-17,L6544
01/17/2014 14:00,Guy's Gyros,15.12,8202,2014-01-17,L2343
01/17/2014 14:05,Guy's Gyros,21.1,7117,2014-01-17,L6417
01/17/2014 14:32,Ouzeri Elian,26.1,8129,2014-01-17,L8328
01/17/2014 19:24,Katerina's Café,22.18,3492,2014-01-17,L7814
01/17/2014 19:29,Guy's Gyros,19.68,6816,2014-01-17,L8148
01/17/2014 19:40,Hippokampos,19.76,7117,2014-01-17,L6417
01/17/2014 19:40,Ouzeri Elian,38.6,6899,2014-01-17,L6267
01/17/2014 19:44,Albert's Fine Clothing,1239.41,1321,2014-01-17,L4149
01/17/2014 19:46,Guy's Gyros,16.83,6901,2014-01-17,L9363
01/17/2014 19:53,Guy's Gyros,35.1,4795,2014-01-17,L8566
01/17/2014 19:57,Frydos Autosupply n' More,124.52,4948,2014-01-17,L9406
01/17/2014 20:03,Hippokampos,8.92,2540,2014-01-17,L5947
01/17/2014 20:05,Shoppers' Delight,155.01,7384,2014-01-17,L3800
01/17/2014 20:07,Katerina's Café,21.22,1310,2014-01-17,L8012
01/17/2014 20:16,Guy's Gyros,37.55,3484,2014-01-17,L2490
01/17/2014 20:19,Katerina's Café,36.12,8202,2014-01-17,L2343
01/17/2014 20:20,Katerina's Café,19.09,7253,2014-01-17,L1682
01/17/2014 20:21,Guy's Gyros,8.31,7819,2014-01-17,L5259
01/17/2014 20:24,Guy's Gyros,8.54,3853,2014-01-17,L1485
01/17/2014 20:28,Ouzeri Elian,35.81,9551,2014-01-17,L5777
01/17/2014 20:35,Ouzeri Elian,26.4,2681,2014-01-17,L1107
01/17/2014 20:54,Hippokampos,11.93,7688,2014-01-17,L4164
01/17/2014 20:58,Katerina's Café,38.21,2142,2014-01-17,L9637
01/17/2014 20:59,Guy's Gyros,29.71,9683,2014-01-17,L7291
01/17/2014 21:05,Katerina's Café,33.73,5407,2014-01-17,L4034
01/17/2014 21:06,Katerina's Café,27.49,9405,2014-01-17,L3259
01/17/2014 21:15,Frydos Autosupply n' More,67.29,5368,2014-01-17,L2247
01/17/2014 21:29,Hippokampos,38.19,2463,2014-01-17,L6886
01/17/2014 21:58,Hippokampos,12.86,9635,2014-01-17,L3191
01/18/2014 12:03,Chostus Hotel,600.0,5010,2014-01-18,L2459
01/18/2014 13:04,Abila Zacharo,111.93,8156,2014-01-18,L5224
01/18/2014 13:15,Katerina's Café,34.54,6691,2014-01-18,L6267
01/18/2014 13:18,Ouzeri Elian,33.57,6895,2014-01-18,L3366
01/18/2014 13:19,Kalami Kafenion,30.12,5368,2014-01-18,L2247
01/18/2014 13:25,Abila Zacharo,18.45,7253,2014-01-18,L1682
01/18/2014 13:28,Guy's Gyros,27.4,1874,2014-01-18,L4424
01/18/2014 13:28,Kalami Kafenion,38.91,2463,2014-01-18,L6886
01/18/2014 13:32,Abila Zacharo,16.59,9551,2014-01-18,L5777
01/18/2014 13:34,Katerina's Café,19.3,3484,2014-01-18,L2490
01/18/2014 13:58,Kalami Kafenion,24.14,1321,2014-01-18,L4149
01/18/2014 14:00,Katerina's Café,37.26,8411,2014-01-18,L6110
01/18/2014 14:02,Kalami Kafenion,42.73,8202,2014-01-18,L2343
01/18/2014 14:03,Katerina's Café,96.36,7688,2014-01-18,L4164
01/18/2014 14:05,Guy's Gyros,47.89,9617,2014-01-18,L5553
01/18/2014 14:17,Kalami Kafenion,53.36,6901,2014-01-18,L9363
01/18/2014 14:51,Ahaggo Museum,55.55,1286,2014-01-18,L3288
01/18/2014 14:55,Ahaggo Museum,120.2,7384,2014-01-18,L3800
01/18/2014 15:20,Albert's Fine Clothing,35.66,6895,2014-01-18,L3366
01/18/2014 15:31,Frydos Autosupply n' More,103.41,5368,2014-01-18,L2247
01/18/2014 15:31,General Grocer,477.6,3547,2014-01-18,L9362
01/18/2014 15:40,Shoppers' Delight,258.33,8156,2014-01-18,L5224
01/18/2014 15:41,Roberts and Sons,62.47,7253,2014-01-18,L1682
01/18/2014 15:51,Frydos Autosupply n' More,103.55,1877,2014-01-18,L3014
01/18/2014 15:53,Frydos Autosupply n' More,120.67,2463,2014-01-18,L6886
01/18/2014 15:57,Albert's Fine Clothing,189.52,6691,2014-01-18,L6267
01/18/2014 18:39,Frank's Fuel,52.66,9635,2014-01-18,L3191
01/18/2014 18:51,Frydos Autosupply n' More,234.53,5407,2014-01-18,L4034
01/18/2014 18:59,Albert's Fine Clothing,226.49,8156,2014-01-18,L5224
01/18/2014 19:08,Guy's Gyros,39.68,3484,2014-01-18,L2490
01/18/2014 19:20,Roberts and Sons,266.69,9617,2014-01-18,L5553
01/18/2014 19:21,Ouzeri Elian,57.63,6899,2014-01-18,L6267
01/18/2014 19:21,Guy's Gyros,28.07,5368,2014-01-18,L2247
01/18/2014 19:30,Katerina's Café,8.14,7889,2014-01-18,L6119
01/18/2014 19:31,Katerina's Café,22.74,1874,2014-01-18,L4424
01/18/2014 19:32,Katerina's Café,33.41,4434,2014-01-18,L2169
01/18/2014 19:35,Hippokampos,27.21,6895,2014-01-18,L3366
01/18/2014 19:36,Abila Zacharo,21.29,4795,2014-01-18,L8566
01/18/2014 19:36,Hippokampos,53.21,2463,2014-01-18,L6886
01/18/2014 19:42,Hippokampos,63.21,8332,2014-01-18,L2070
01/18/2014 19:46,Ouzeri Elian,14.9,2681,2014-01-18,L1107
01/18/2014 19:53,Katerina's Café,76.1,3547,2014-01-18,L9362
01/18/2014 19:54,Katerina's Café,33.63,1310,2014-01-18,L8012
01/18/2014 19:56,Katerina's Café,32.68,2418,2014-01-18,L9018
01/18/2014 20:01,Hippokampos,49.21,1286,2014-01-18,L3288
01/18/2014 20:04,Katerina's Café,45.88,8411,2014-01-18,L6110
01/18/2014 20:07,General Grocer,108.49,6901,2014-01-18,L9363
01/18/2014 20:09,Katerina's Café,19.31,7354,2014-01-18,L9254
01/18/2014 20:11,Hippokampos,72.5,1415,2014-01-18,L7783
01/18/2014 20:13,Katerina's Café,9.72,3853,2014-01-18,L1485
01/18/2014 20:15,Katerina's Café,37.21,7819,2014-01-18,L5259
01/18/2014 20:26,Hippokampos,55.03,7117,2014-01-18,L6417
01/19/2014 12:41,Desafio Golf Course,150.07,8156,2014-01-19,L5224
01/19/2014 12:57,Desafio Golf Course,145.72,7688,2014-01-19,L4164
01/19/2014 13:00,Katerina's Café,35.01,7354,2014-01-19,L9254
01/19/2014 13:09,Gelatogalore,22.36,6895,2014-01-19,L3366
01/19/2014 13:23,Katerina's Café,70.22,4795,2014-01-19,L8566
01/19/2014 13:26,Ahaggo Museum,26.91,9241,2014-01-19,L3288
01/19/2014 13:27,Ouzeri Elian,23.65,3484,2014-01-19,L2490
01/19/2014 13:51,Desafio Golf Course,190.91,8332,2014-01-19,L2070
01/19/2014 13:53,Katerina's Café,26.76,4434,2014-01-19,L2169
01/19/2014 14:08,Ouzeri Elian,45.32,7384,2014-01-19,L3800
01/19/2014 14:20,Abila Zacharo,47.8,6901,2014-01-19,L9363
01/19/2014 15:03,General Grocer,70.22,6895,2014-01-19,L3366
01/19/2014 15:15,Desafio Golf Course,110.02,2463,2014-01-19,L6886
01/19/2014 15:26,Frydos Autosupply n' More,56.09,3484,2014-01-19,L2490
01/19/2014 15:39,Albert's Fine Clothing,274.66,2142,2014-01-19,L9637
01/19/2014 15:46,Desafio Golf Course,148.22,5010,2014-01-19,L2459
01/19/2014 15:53,Frydos Autosupply n' More,209.76,4795,2014-01-19,L8566
01/19/2014 19:43,Hippokampos,101.25,9635,2014-01-19,L3191
01/19/2014 19:43,Hippokampos,48.23,8332,2014-01-19,L2070
01/19/2014 19:44,Hippokampos,46.32,6895,2014-01-19,L3366
01/19/2014 19:45,Guy's Gyros,65.21,7384,2014-01-19,L3800
01/19/2014 19:45,Guy's Gyros,23.21,1286,2014-01-19,L3288
01/19/2014 19:45,Guy's Gyros,58.35,3484,2014-01-19,L2490
01/19/2014 19:45,Frydos Autosupply n' More,98.04,9405,2014-01-19,L3259
01/19/2014 19:45,Guy's Gyros,25.79,5010,2014-01-19,L2459
01/19/2014 19:48,Ouzeri Elian,67.98,6899,2014-01-19,L6267
01/19/2014 19:53,Katerina's Café,34.03,7889,2014-01-19,L6119
01/19/2014 19:56,Shoppers' Delight,30.39,2142,2014-01-19,L9637
01/19/2014 19:56,Hippokampos,63.17,2463,2014-01-19,L6886
01/19/2014 20:00,Guy's Gyros,18.08,7354,2014-01-19,L9254
01/19/2014 20:02,Albert's Fine Clothing,254.29,2540,2014-01-19,L5947
01/19/2014 20:05,Katerina's Café,33.79,1874,2014-01-19,L4424
01/19/2014 20:14,Guy's Gyros,36.87,7108,2014-01-19,L6544
01/19/2014 20:16,Hippokampos,78.96,1415,2014-01-19,L7783
01/19/2014 20:16,Guy's Gyros,37.48,9683,2014-01-19,L7291
01/19/2014 20:22,Katerina's Café,38.9,9617,2014-01-19,L5553
01/19/2014 20:25,Guy's Gyros,20.94,3853,2014-01-19,L1485
01/19/2014 20:30,Guy's Gyros,31.94,4434,2014-01-19,L2169
01/19/2014 20:51,Guy's Gyros,39.6,6901,2014-01-19,L9363
